id	SAMPLE_NAME	plot	row	vine	Lat	Long
364527_027-LP3-16S-0027	Lavaux_2021-09-30_must_Plot4_Row6/Vine10_ID1	4	6	10	46.498412	6.708026
364527_048-LP3-16S-0048	Lavaux_2021-09-30_must_Plot4_Row6/Vine30_ID2	4	6	30	46.498521	6.708104
364527_166-LP3-16S-0166	Lavaux_2021-09-30_must_Plot4_Row7/Vine20_ID3	4	7	20	46.498458	6.708079
364527_019-LP3-16S-0019	Lavaux_2021-09-30_must_Plot4_Row8/Vine10_ID4	4	8	10	46.498383	6.708045
364527_075-LP3-16S-0075	Lavaux_2021-09-30_must_Plot4_Row8/Vine30_ID5	4	8	30	46.498503	6.708129
364527_001-LP3-16S-0001	Lavaux_2021-09-30_must_Plot4_Row9/Vine20_ID6	4	9	20	46.498438	6.708104
364527_017-LP3-16S-0017	Lavaux_2021-09-30_must_Plot4_Row10/Vine10_ID7	4	10	10	46.49838	6.708084
364528_326-LP3-16S-0902	Lavaux_2021-09-30_must_Plot4_Row10/Vine30_ID8	4	10	30	46.498487	6.708157
364527_026-LP3-16S-0026	Lavaux_2021-09-30_must_Plot4_Row11/Vine20_ID9	4	11	20	46.498434	6.708141
364527_172-LP3-16S-0172	Lavaux_2021-09-30_must_Plot4_Row12/Vine10_ID10	4	12	10	46.498368	6.708117
364527_247-LP3-16S-0247	Lavaux_2021-09-30_must_Plot4_Row12/Vine30_ID11	4	12	30	46.498478	6.708195
364527_165-LP3-16S-0165	Lavaux_2021-09-30_must_Plot4_Row13/Vine20_ID12	4	13	20	46.498422	6.708171
364527_068-LP3-16S-0068	Lavaux_2021-09-30_must_Plot4_Row14/Vine10_ID13	4	14	10	46.498374	6.708161
364527_144-LP3-16S-0144	Lavaux_2021-09-30_must_Plot4_Row14/Vine30_ID14	4	14	30	46.498486	6.708237
364527_174-LP3-16S-0174	Lavaux_2021-09-30_must_Plot4_Row15/Vine20_ID15	4	15	20	46.498422	6.708214
364527_057-LP3-16S-0057	Lavaux_2021-09-30_must_Plot4_Row16/Vine10_ID16	4	16	10	46.498365	6.708196
364527_034-LP3-16S-0034	Lavaux_2021-09-30_must_Plot4_Row16/Vine30_ID17	4	16	30	46.498459	6.708263
364527_155-LP3-16S-0155	Lavaux_2021-09-30_must_Plot4_Row17/Vine20_ID18	4	17	20	46.498404	6.708244
364527_139-LP3-16S-0139	Lavaux_2021-09-30_must_Plot4_Row18/Vine10_ID19	4	18	10	46.498358	6.70823
364528_332-LP3-16S-0908	Lavaux_2021-09-30_must_Plot4_Row18/Vine30_ID20	4	18	30	46.498463	6.708325
364527_210-LP3-16S-0210	Lavaux_2021-09-30_must_Plot4_Row19/Vine20_ID21	4	19	20	46.498405	6.708304
364527_159-LP3-16S-0159	Lavaux_2021-09-30_must_Plot4_Row20/Vine10_ID22	4	20	10	46.498355	6.708289
364527_018-LP3-16S-0018	Lavaux_2021-09-30_must_Plot4_Row20/Vine30_ID23	4	20	30	46.498448	6.708355
364527_058-LP3-16S-0058	Lavaux_2021-09-30_must_Plot4_Row21/Vine20_ID24	4	21	20	46.498402	6.708343
364527_067-LP3-16S-0067	Lavaux_2021-09-30_must_Plot5_Row2/Vine10_ID25	5	2	10	46.495539	6.709088
364527_008-LP3-16S-0008	Lavaux_2021-09-30_must_Plot5_Row2/Vine30_ID26	5	2	30	46.495657	6.708924
364527_153-LP3-16S-0153	Lavaux_2021-09-30_must_Plot5_Row2/Vine50_ID27	5	2	50	46.495747	6.708788
364527_131-LP3-16S-0131	Lavaux_2021-09-30_must_Plot5_Row3/Vine20_ID28	5	3	20	46.495607	6.709018
364527_033-LP3-16S-0033	Lavaux_2021-09-30_must_Plot5_Row3/Vine40_ID29	5	3	40	46.495709	6.708873
364527_038-LP3-16S-0038	Lavaux_2021-09-30_must_Plot5_Row4/Vine10_ID30	5	4	10	46.495563	6.709112
364527_134-LP3-16S-0134	Lavaux_2021-09-30_must_Plot5_Row4/Vine31_ID31	5	4	31	46.495669	6.70896
364527_037-LP3-16S-0037	Lavaux_2021-09-30_must_Plot5_Row4/Vine50_ID32	5	4	50	46.495771	6.708816
364527_054-LP3-16S-0054	Lavaux_2021-09-30_must_Plot5_Row5/Vine20_ID33	5	5	20	46.495625	6.709053
364527_059-LP3-16S-0059	Lavaux_2021-09-30_must_Plot5_Row5/Vine41_ID34	5	5	41	46.495738	6.70889
364527_250-LP3-16S-0250	Lavaux_2021-09-30_must_Plot5_Row6/Vine12_ID35	5	6	12	46.495596	6.709117
364527_066-LP3-16S-0066	Lavaux_2021-09-30_must_Plot5_Row6/Vine20_ID36	5	6	20	46.495643	6.709052
364527_004-LP3-16S-0004	Lavaux_2021-09-30_must_Plot5_Row6/Vine30_ID37b	5	6	30	46.495709	6.708961
364528_340-LP3-16S-0916	Lavaux_2021-09-30_must_Plot9_Row2/Vine10_ID38	9	2	10	46.499033	6.712118
364527_132-LP3-16S-0132	Lavaux_2021-09-30_must_Plot9_Row3/Vine20_ID39	9	3	20	46.498954	6.712186
364527_106-LP3-16S-0106	Lavaux_2021-09-30_must_Plot9_Row4/Vine10_ID40	9	4	10	46.49905	6.71214
364527_100-LP3-16S-0100	Lavaux_2021-09-30_must_Plot9_Row4/Vine30_ID41	9	4	30	46.498891	6.712245
364527_249-LP3-16S-0249	Lavaux_2021-09-30_must_Plot9_Row5/Vine20_ID42	9	5	20	46.498988	6.712197
364527_108-LP3-16S-0108	Lavaux_2021-09-30_must_Plot9_Row5/Vine40_ID43	9	5	40	46.498886	6.712264
364527_157-LP3-16S-0157	Lavaux_2021-09-30_must_Plot9_Row6/Vine10_ID44	9	6	10	46.49909	6.712149
364527_136-LP3-16S-0136	Lavaux_2021-09-30_must_Plot9_Row6/Vine30_ID45	9	6	30	46.498964	6.712226
364527_233-LP3-16S-0233	Lavaux_2021-09-30_must_Plot9_Row7/Vine20_ID46	9	7	20	46.499033	6.712203
364527_138-LP3-16S-0138	Lavaux_2021-09-30_must_Plot9_Row7/Vine40_ID47	9	7	40	46.498914	6.712277
364527_150-LP3-16S-0150	Lavaux_2021-09-30_must_Plot9_Row8/Vine10_ID48	9	8	10	46.49909	6.712181
364527_073-LP3-16S-0073	Lavaux_2021-09-30_must_Plot9_Row8/Vine30_ID49	9	8	30	46.498975	6.712254
364527_084-LP3-16S-0084	Lavaux_2021-09-30_must_Plot9_Row9/Vine20_ID50	9	9	20	46.499054	6.712214
364527_009-LP3-16S-0009	Lavaux_2021-09-30_must_Plot9_Row9/Vine40_ID51	9	9	40	46.498922	6.712297
364527_137-LP3-16S-0137	Lavaux_2021-09-30_must_Plot9_Row10/Vine10_ID52	9	10	10	46.499101	6.71219
364528_341-LP3-16S-0917	Lavaux_2021-09-30_must_Plot9_Row10/Vine31_ID53	9	10	31	46.498962	6.71228
364528_339-LP3-16S-0915	Lavaux_2021-09-30_must_Plot9_Row11/Vine22_ID54	9	11	22	46.49902	6.712261
364527_039-LP3-16S-0039	Lavaux_2021-09-30_must_Plot9_Row11/Vine40_ID55	9	11	40	46.498912	6.71233
364527_020-LP3-16S-0020	Lavaux_2021-09-30_must_Plot11_Row2/Vine10_ID56	11	2	10	46.499882	6.706351
364527_177-LP3-16S-0177	Lavaux_2021-09-30_must_Plot11_Row2/Vine31_ID57	11	2	31	46.500027	6.706387
364527_161-LP3-16S-0161	Lavaux_2021-09-30_must_Plot11_Row2/Vine51_ID58	11	2	51	46.500181	6.706427
364527_179-LP3-16S-0179	Lavaux_2021-09-30_must_Plot11_Row3/Vine19_ID59	11	3	19	46.499948	6.706387
364527_225-LP3-16S-0225	Lavaux_2021-09-30_must_Plot11_Row3/Vine40_ID60	11	3	40	46.500108	6.706427
364527_258-LP3-16S-0258	Lavaux_2021-09-30_must_Plot11_Row4/Vine10_ID61	11	4	10	46.499888	6.706388
364527_145-LP3-16S-0145	Lavaux_2021-09-30_must_Plot11_Row4/Vine32_ID62	11	4	32	46.500038	6.706425
364527_194-LP3-16S-0194	Lavaux_2021-09-30_must_Plot11_Row4/Vine50_ID63	11	4	50	46.500164	6.706454
364527_257-LP3-16S-0257	Lavaux_2021-09-30_must_Plot11_Row5/Vine19_ID64	11	5	19	46.499961	6.706422
364527_218-LP3-16S-0218	Lavaux_2021-09-30_must_Plot11_Row5/Vine41_ID65	11	5	41	46.500119	6.706462
364527_005-LP3-16S-0005	Lavaux_2021-09-30_must_Plot11_Row6/Vine22_ID66	11	6	22	46.499972	6.706445
364527_127-LP3-16S-0127	Lavaux_2021-09-30_must_Plot11_Row6/Vine40_ID67	11	6	40	46.500105	6.70648
364527_082-LP3-16S-0082	Lavaux_2021-09-30_must_Plot11_Row7/Vine15_ID68	11	7	15	46.499912	6.706449
364527_154-LP3-16S-0154	Lavaux_2021-09-30_must_Plot11_Row7/Vine30_ID69	11	7	30	46.500018	6.706475
364527_162-LP3-16S-0162	Lavaux_2021-09-30_must_Plot11_Row7/Vine50_ID70	11	7	50	46.500206	6.706524
364528_336-LP3-16S-0912	Lavaux_2021-09-30_must_Plot11_Row8/Vine11_ID71	11	8	11	46.499882	6.706454
364527_217-LP3-16S-0217	Lavaux_2021-09-30_must_Plot11_Row8/Vine30_ID72	11	8	30	46.500008	6.706494
364527_163-LP3-16S-0163	Lavaux_2021-09-30_must_Plot11_Row8/Vine50_ID73	11	8	50	46.500168	6.706536
364527_041-LP3-16S-0041	Lavaux_2021-09-30_must_Plot11_Row9/Vine20_ID74	11	9	20	46.499942	6.70649
364527_160-LP3-16S-0160	Lavaux_2021-09-30_must_Plot11_Row9/Vine40_ID75	11	9	40	46.500078	6.706528
364527_169-LP3-16S-0169	Lavaux_2021-09-30_must_Plot12_Row2/Vine10_ID76	12	2	10	46.502302	6.70482
364527_118-LP3-16S-0118	Lavaux_2021-09-30_must_Plot12_Row2/Vine30_ID77	12	2	30	46.502449	6.704998
364527_028-LP3-16S-0028	Lavaux_2021-09-30_must_Plot12_Row2/Vine50_ID78	12	2	50	46.502549	6.705101
364527_110-LP3-16S-0110	Lavaux_2021-09-30_must_Plot12_Row3/Vine41_ID80	12	3	41	46.502438	6.705038
364527_141-LP3-16S-0141	Lavaux_2021-09-30_must_Plot12_Row3/Vine60_ID81	12	3	60	46.502552	6.70518
364527_069-LP3-16S-0069	Lavaux_2021-09-30_must_Plot12_Row4/Vine10_ID82	12	4	10	46.502276	6.704864
364527_012-LP3-16S-0012	Lavaux_2021-09-30_must_Plot12_Row4/Vine30_ID83	12	4	30	46.502405	6.705064
364527_094-LP3-16S-0094	Lavaux_2021-09-30_must_Plot12_Row4/Vine50_ID84	12	4	50	46.502482	6.705162
364527_164-LP3-16S-0164	Lavaux_2021-09-30_must_Plot12_Row5/Vine20_ID85	12	5	20	46.50231	6.704985
364527_209-LP3-16S-0209	Lavaux_2021-09-30_must_Plot12_Row5/Vine40_ID86	12	5	40	46.502425	6.705143
364527_182-LP3-16S-0182	Lavaux_2021-09-30_must_Plot12_Row5/Vine60_ID87	12	5	60	46.502499	6.705246
364527_092-LP3-16S-0092	Lavaux_2021-09-30_must_Plot12_Row6/Vine11_ID88	12	6	11	46.502225	6.704904
364527_111-LP3-16S-0111	Lavaux_2021-09-30_must_Plot12_Row6/Vine31_ID89	12	6	31	46.502368	6.705121
364527_089-LP3-16S-0089	Lavaux_2021-09-30_must_Plot12_Row6/Vine50_ID90	12	6	50	46.50244	6.705211
364527_114-LP3-16S-0114	Lavaux_2021-09-30_must_Plot12_Row7/Vine20_ID91	12	7	20	46.502232	6.705033
364527_112-LP3-16S-0112	Lavaux_2021-09-30_must_Plot12_Row7/Vine40_ID92	12	7	40	46.502338	6.705172
364527_062-LP3-16S-0062	Lavaux_2021-09-30_must_Plot12_Row7/Vine60_ID93	12	7	60	46.502465	6.705316
364527_176-LP3-16S-0176	Lavaux_2021-09-30_must_Plot13_Row1/Vine10_ID94	13	1	10	46.501886	6.712115
364527_032-LP3-16S-0032	Lavaux_2021-09-30_must_Plot13_Row1/Vine30_ID95	13	1	30	46.501953	6.711975
364527_049-LP3-16S-0049	Lavaux_2021-09-30_must_Plot13_Row2/Vine20_ID96	13	2	20	46.501897	6.712056
364527_079-LP3-16S-0079	Lavaux_2021-09-30_must_Plot13_Row3/Vine10_ID97	13	3	10	46.501856	6.712114
364527_175-LP3-16S-0175	Lavaux_2021-09-30_must_Plot13_Row3/Vine30_ID98	13	3	30	46.501932	6.711957
364527_282-LP3-16S-0282	Lavaux_2021-09-30_must_Plot13_Row4/Vine20_ID99	13	4	20	46.501882	6.712027
364527_142-LP3-16S-0142	Lavaux_2021-09-30_must_Plot13_Row5/Vine10_ID100	13	5	10	46.50184	6.712085
364527_241-LP3-16S-0241	Lavaux_2021-09-30_must_Plot13_Row5/Vine31_ID101	13	5	31	46.501921	6.711919
364527_130-LP3-16S-0130	Lavaux_2021-09-30_must_Plot13_Row6/Vine20_ID102	13	6	20	46.50187	6.711991
364527_060-LP3-16S-0060	Lavaux_2021-09-30_must_Plot14_Row2/Vine4_ID103	14	2	4	46.497673	6.705571
364528_320-LP3-16S-0896	Lavaux_2021-09-30_must_Plot14_Row4/Vine4_ID104	14	4	4	46.497701	6.705579
364527_122-LP3-16S-0122	Lavaux_2021-09-30_must_Plot14_Row5/Vine8_ID105	14	5	8	46.497735	6.705536
364527_120-LP3-16S-0120	Lavaux_2021-09-30_must_Plot14_Row6/Vine4_ID106	14	6	4	46.497732	6.70558
364527_186-LP3-16S-0186	Lavaux_2021-09-30_must_Plot14_Row6/Vine12_ID107	14	6	12	46.497767	6.705503
364527_052-LP3-16S-0052	Lavaux_2021-09-30_must_Plot14_Row7/Vine8_ID108	14	7	8	46.497763	6.705547
364527_036-LP3-16S-0036	Lavaux_2021-09-30_must_Plot14_Row8/Vine4_ID109	14	8	4	46.497759	6.70559
364527_151-LP3-16S-0151	Lavaux_2021-09-30_must_Plot14_Row9/Vine10_ID110	14	9	10	46.497793	6.705546
364527_101-LP3-16S-0101	Lavaux_2021-09-30_must_Plot14_Row10/Vine4_ID111	14	10	4	46.497784	6.7056
364527_158-LP3-16S-0158	Lavaux_2021-09-30_must_Plot14_Row11/Vine8_ID112	14	11	8	46.497817	6.705565
364527_070-LP3-16S-0070	Lavaux_2021-09-30_must_Plot14_Row12/Vine4_ID113	14	12	4	46.497813	6.705606
364527_116-LP3-16S-0116	Lavaux_2021-09-30_must_Plot14_Row13/Vine10_ID114	14	13	10	46.497844	6.705549
364527_065-LP3-16S-0065	Lavaux_2021-09-30_must_Plot14_Row14/Vine4_ID115	14	14	4	46.497823	6.705602
364527_129-LP3-16S-0129	Lavaux_2021-09-30_must_Plot14_Row15/Vine9_ID116	14	15	9	46.497846	6.705573
364527_168-LP3-16S-0168	Lavaux_2021-09-30_must_Plot14_Row16/Vine4_ID117	14	16	4	46.49784	6.705612
364527_189-LP3-16S-0189	Lavaux_2021-09-30_must_Plot14_Row17/Vine10_ID118	14	17	10	46.497872	6.705557
364527_167-LP3-16S-0167	Lavaux_2021-09-30_must_Plot14_Row18/Vine4_ID119	14	18	4	46.497855	6.705613
364527_051-LP3-16S-0051	Lavaux_2021-09-30_must_Plot15_Row2/Vine11_ID120	15	2	11	46.505224	6.701974
364527_125-LP3-16S-0125	Lavaux_2021-09-30_must_Plot15_Row3/Vine20_ID121a	15	3	20	46.505275	6.702023
364527_002-LP3-16S-0002	Lavaux_2021-09-30_must_Plot15_Row3/Vine20_ID121b	15	3	20	46.505275	6.702023
364527_006-LP3-16S-0006	Lavaux_2021-09-30_must_Plot15_Row3/Vine20_ID121c	15	3	20	46.505275	6.702023
364527_095-LP3-16S-0095	Lavaux_2021-09-30_must_Plot15_Row4/Vine10_ID122	15	4	10	46.505236	6.701939
364527_178-LP3-16S-0178	Lavaux_2021-09-30_must_Plot15_Row4/Vine30_ID123	15	4	30	46.505329	6.702083
364527_024-LP3-16S-0024	Lavaux_2021-09-30_must_Plot15_Row5/Vine20_ID124	15	5	20	46.505299	6.70201
364527_185-LP3-16S-0185	Lavaux_2021-09-30_must_Plot15_Row6/Vine10_ID126	15	6	10	46.505258	6.701923
364527_148-LP3-16S-0148	Lavaux_2021-09-30_must_Plot15_Row6/Vine30_ID127	15	6	30	46.505377	6.702098
364527_103-LP3-16S-0103	Lavaux_2021-09-30_must_Plot15_Row7/Vine20_ID128a	15	7	20	46.505317	6.701982
364527_124-LP3-16S-0124	Lavaux_2021-09-30_must_Plot15_Row7/Vine20_ID128b	15	7	20	46.505317	6.701982
364527_146-LP3-16S-0146	Lavaux_2021-09-30_must_Plot15_Row7/Vine39_ID129a	15	7	39	46.505425	6.702125
364527_016-LP3-16S-0016	Lavaux_2021-09-30_must_Plot15_Row7/Vine39_ID129b	15	7	39	46.505425	6.702125
364527_043-LP3-16S-0043	Lavaux_2021-09-30_must_Plot15_Row7/Vine39_ID129c	15	7	39	46.505425	6.702125
364527_128-LP3-16S-0128	Lavaux_2021-09-30_must_Plot15_Row8/Vine10_ID130	15	8	10	46.505286	6.701887
364527_143-LP3-16S-0143	Lavaux_2021-09-30_must_Plot15_Row8/Vine29_ID131a	15	8	29	46.505373	6.702016
364527_029-LP3-16S-0029	Lavaux_2021-09-30_must_Plot15_Row8/Vine29_ID131c	15	8	29	46.505373	6.702016
364527_115-LP3-16S-0115	Lavaux_2021-09-30_must_Plot15_Row9/Vine20_ID132	15	9	20	46.505347	6.701951
364527_088-LP3-16S-0088	Lavaux_2021-09-30_must_Plot15_Row10/Vine10_ID133	15	10	10	46.505305	6.701857
364527_093-LP3-16S-0093	Lavaux_2021-09-30_must_Plot15_Row10/Vine30_ID134	15	10	30	46.505423	6.702038
364527_015-LP3-16S-0015	Lavaux_2021-09-30_must_Plot15_Row11/Vine20_ID135	15	11	20	46.505361	6.701916
364527_192-LP3-16S-0192	Lavaux_2021-09-30_must_Plot15_Row11/Vine38_ID136	15	11	38	46.505457	6.702059
364527_025-LP3-16S-0025	Lavaux_2021-09-30_must_Plot15_Row12/Vine9_ID137	15	12	9	46.505316	6.701829
364527_046-LP3-16S-0046	Lavaux_2021-09-30_must_Plot15_Row12/Vine30_ID138	15	12	30	46.505425	6.701988
364527_022-LP3-16S-0022	Lavaux_2021-09-30_must_Plot15_Row13/Vine20_ID139	15	13	20	46.505377	6.701887
364527_074-LP3-16S-0074	Lavaux_2021-09-30_must_Plot15_Row13/Vine39_ID140	15	13	39	46.505468	6.702017
364527_119-LP3-16S-0119	Lavaux_2021-09-30_must_Plot15_Row14/Vine10_ID141	15	14	10	46.505327	6.701793
364527_056-LP3-16S-0056	Lavaux_2021-09-30_must_Plot15_Row14/Vine31_ID142	15	14	31	46.505431	6.701942
364527_098-LP3-16S-0098	Lavaux_2021-09-30_must_Plot15_Row15/Vine20_ID143	15	15	20	46.505411	6.701888
364527_121-LP3-16S-0121	Lavaux_2021-09-30_must_Plot17_Row2/Vine5_ID144	17	2	5	46.487564	6.721035
364527_281-LP3-16S-0281	Lavaux_2021-09-30_must_Plot17_Row3/Vine10_ID145	17	3	10	46.487586	6.720968
364527_265-LP3-16S-0265	Lavaux_2021-09-30_must_Plot17_Row3/Vine15_ID146	17	3	15	46.487607	6.720914
364527_087-LP3-16S-0087	Lavaux_2021-09-30_must_Plot17_Row3/Vine25_ID147	17	3	25	46.487624	6.720855
364527_234-LP3-16S-0234	Lavaux_2021-09-30_must_Plot17_Row4/Vine5_ID148	17	4	5	46.487565	6.721038
364527_105-LP3-16S-0105	Lavaux_2021-09-30_must_Plot17_Row4/Vine15_ID149	17	4	15	46.487611	6.720923
364527_274-LP3-16S-0274	Lavaux_2021-09-30_must_Plot17_Row4/Vine25_ID150	17	4	25	46.487651	6.720788
364527_031-LP3-16S-0031	Lavaux_2021-09-30_must_Plot17_Row4/Vine35_ID151	17	4	35	46.487697	6.720665
364527_203-LP3-16S-0203	Lavaux_2021-09-30_must_Plot17_Row5/Vine10_ID152	17	5	10	46.487621	6.72097
364527_170-LP3-16S-0170	Lavaux_2021-09-30_must_Plot17_Row5/Vine20_ID153	17	5	20	46.487655	6.720865
364527_184-LP3-16S-0184	Lavaux_2021-09-30_must_Plot17_Row5/Vine40_ID155	17	5	40	46.487717	6.720661
364527_201-LP3-16S-0201	Lavaux_2021-09-30_must_Plot17_Row5/Vine45_ID156	17	5	45	46.487742	6.720649
364528_327-LP3-16S-0903	Lavaux_2021-09-30_must_Plot17_Row6/Vine10_ID157	17	6	10	46.487614	6.721037
364527_123-LP3-16S-0123	Lavaux_2021-09-30_must_Plot17_Row6/Vine30_ID158a	17	6	30	46.487675	6.72085
364527_023-LP3-16S-0023	Lavaux_2021-09-30_must_Plot17_Row6/Vine30_ID158b	17	6	30	46.487675	6.72085
364528_321-LP3-16S-0897	Lavaux_2021-09-30_must_Plot17_Row7/Vine21_ID159	17	7	21	46.487663	6.720932
364527_077-LP3-16S-0077	Lavaux_2021-09-30_must_Plot17_Row7/Vine40_ID160	17	7	40	46.48772	6.720742
364527_063-LP3-16S-0063	Lavaux_2021-09-30_must_Plot17_Row8/Vine10_ID161	17	8	10	46.487661	6.721041
364527_193-LP3-16S-0193	Lavaux_2021-09-30_must_Plot17_Row8/Vine32_ID162	17	8	32	46.487723	6.720829
364527_126-LP3-16S-0126	Lavaux_2021-09-30_must_Plot17_Row9/Vine20_ID163	17	9	20	46.487706	6.720949
364527_152-LP3-16S-0152	Lavaux_2021-09-30_must_Plot17_Row9/Vine40_ID164	17	9	40	46.487768	6.720767
364527_180-LP3-16S-0180	Lavaux_2021-09-30_must_Plot17_Row10/Vine10_ID165	17	10	10	46.487694	6.721063
364527_195-LP3-16S-0195	Lavaux_2021-09-30_must_Plot17_Row10/Vine30_ID166	17	10	30	46.487781	6.720779
364527_183-LP3-16S-0183	Lavaux_2021-09-30_must_Plot17_Row11/Vine20_ID167	17	11	20	46.487746	6.720918
364527_135-LP3-16S-0135	Lavaux_2021-09-30_must_Plot17_Row11/Vine40_ID168	17	11	40	46.487803	6.72074
364527_266-LP3-16S-0266	Lavaux_2021-09-30_must_Plot17_Row12/Vine10_ID169	17	12	10	46.487722	6.721075
364527_030-LP3-16S-0030	Lavaux_2021-09-30_must_Plot17_Row12/Vine30_ID170	17	12	30	46.487781	6.720862
364527_003-LP3-16S-0003	Lavaux_2021-09-30_must_Plot17_Row13/Vine20_ID171	17	13	20	46.487757	6.72099
364527_099-LP3-16S-0099	Lavaux_2021-09-30_must_Plot17_Row13/Vine40_ID172	17	13	40	46.487826	6.720788
364527_113-LP3-16S-0113	Lavaux_2021-09-30_must_Plot17_Row14/Vine10_ID173	17	14	10	46.487744	6.721095
364527_191-LP3-16S-0191	Lavaux_2021-09-30_must_Plot17_Row14/Vine30_ID174	17	14	30	46.487809	6.720894
364527_064-LP3-16S-0064	Lavaux_2021-09-30_must_Plot17_Row15/Vine21_ID175	17	15	21	46.487793	6.721004
364527_226-LP3-16S-0226	Lavaux_2021-09-30_must_Plot17_Row15/Vine40_ID176	17	15	40	46.487853	6.720786
364527_202-LP3-16S-0202	Lavaux_2021-09-30_must_Plot17_Row16/Vine10_ID177	17	16	10	46.487764	6.721124
364527_156-LP3-16S-0156	Lavaux_2021-09-30_must_Plot17_Row16/Vine30_ID178	17	16	30	46.487834	6.720893
364528_325-LP3-16S-0901	Lavaux_2021-09-30_must_Plot17_Row17/Vine20_ID179	17	17	20	46.487802	6.721024
364527_042-LP3-16S-0042	Lavaux_2021-09-30_must_Plot17_Row17/Vine40_ID180	17	17	40	46.487869	6.7208
364527_097-LP3-16S-0097	Lavaux_2021-09-30_must_Plot17_Row18/Vine20_ID182	17	18	20	46.487813	6.721031
364527_140-LP3-16S-0140	Lavaux_2021-09-30_must_Plot17_Row18/Vine30_ID183	17	18	30	46.487852	6.720915
364528_323-LP3-16S-0899	Lavaux_2021-09-30_must_Plot17_Row18/Vine40_ID184	17	18	40	46.487883	6.720799
364528_337-LP3-16S-0913	Lavaux_2021-09-30_must_Plot18_Row2/Vine7_ID185	18	2	7	46.49395	6.713039
364527_096-LP3-16S-0096	Lavaux_2021-09-30_must_Plot18_Row3/Vine14_ID186	18	3	14	46.494002	6.713009
364527_090-LP3-16S-0090	Lavaux_2021-09-30_must_Plot18_Row4/Vine8_ID187	18	4	8	46.493973	6.713062
364527_181-LP3-16S-0181	Lavaux_2021-09-30_must_Plot18_Row5/Vine14_ID188	18	5	14	46.494017	6.713037
364527_078-LP3-16S-0078	Lavaux_2021-09-30_must_Plot18_Row6/Vine7_ID189	18	6	7	46.493982	6.713093
364527_187-LP3-16S-0187	Lavaux_2021-09-30_must_Plot18_Row7/Vine14_ID190	18	7	14	46.49403	6.713063
364528_328-LP3-16S-0904	Lavaux_2021-09-30_must_Plot18_Row8/Vine7_ID191	18	8	7	46.494003	6.713115
364527_081-LP3-16S-0081	Lavaux_2021-09-30_must_Plot18_Row9/Vine14_ID192	18	9	14	46.494051	6.713084
364527_188-LP3-16S-0188	Lavaux_2021-09-30_must_Plot18_Row10/Vine7_ID193	18	10	7	46.494016	6.713148
364527_086-LP3-16S-0086	Lavaux_2021-09-30_must_Plot18_Row11/Vine14_ID194	18	11	14	46.494079	6.713138
364527_149-LP3-16S-0149	Lavaux_2021-09-30_must_Plot19_Row2/Vine5_ID195	19	2	5	46.495252	6.716084
364527_173-LP3-16S-0173	Lavaux_2021-09-30_must_Plot19_Row3/Vine10_ID196	19	3	10	46.495233	6.716145
364528_335-LP3-16S-0911	Lavaux_2021-09-30_must_Plot19_Row4/Vine5_ID197	19	4	5	46.495258	6.716093
364527_013-LP3-16S-0013	Lavaux_2021-09-30_must_Plot19_Row4/Vine11_ID198	19	4	11	46.495243	6.716154
364528_322-LP3-16S-0898	Lavaux_2021-09-30_must_Plot20_Row2/Vine11_ID199	20	2	11	46.493102	6.72101
364527_091-LP3-16S-0091	Lavaux_2021-09-30_must_Plot20_Row2/Vine30_ID200b	20	2	30	46.493074	6.720806
364527_190-LP3-16S-0190	Lavaux_2021-09-30_must_Plot20_Row3/Vine20_ID201	20	3	20	46.493099	6.720902
364527_053-LP3-16S-0053	Lavaux_2021-09-30_must_Plot20_Row4/Vine10_ID202	20	4	10	46.493123	6.720973
364527_011-LP3-16S-0011	Lavaux_2021-09-30_must_Plot20_Row4/Vine30_ID203	20	4	30	46.493098	6.720806
364527_083-LP3-16S-0083	Lavaux_2021-09-30_must_Plot20_Row5/Vine20_ID204	20	5	20	46.493125	6.720916
364528_319-LP3-16S-0895	Lavaux_2021-09-30_must_Plot20_Row6/Vine10_ID205	20	6	10	46.49315	6.720971
364528_334-LP3-16S-0910	Lavaux_2021-09-30_must_Plot20_Row6/Vine30_ID206	20	6	30	46.493125	6.72079
364528_338-LP3-16S-0914	Lavaux_2021-09-30_must_Plot20_Row7/Vine20_ID207	20	7	20	46.493152	6.720897
364527_040-LP3-16S-0040	Lavaux_2021-09-30_must_Plot20_Row8/Vine11_ID208	20	8	11	46.493178	6.720956
364527_021-LP3-16S-0021	Lavaux_2021-09-30_must_Plot20_Row8/Vine30_ID209	20	8	30	46.49315	6.72077
364527_085-LP3-16S-0085	Lavaux_2021-09-30_must_Plot20_Row9/Vine20_ID210	20	9	20	46.493174	6.720885
364527_007-LP3-16S-0007	Lavaux_2021-09-30_must_Plot20_Row10/Vine10_ID211	20	10	10	46.493201	6.720937
364527_147-LP3-16S-0147	Lavaux_2021-09-30_must_Plot20_Row10/Vine30_ID212	20	10	30	46.493179	6.720769
364527_010-LP3-16S-0010	Lavaux_2021-09-30_must_Plot20_Row11/Vine20_ID213	20	11	20	46.493203	6.72088
364527_055-LP3-16S-0055	Lavaux_2021-09-30_must_Plot20_Row12/Vine11_ID214	20	12	11	46.493226	6.720919
364527_045-LP3-16S-0045	Lavaux_2021-09-30_must_Plot20_Row13/Vine20_ID215	20	13	20	46.49323	6.720869
364528_331-LP3-16S-0907	Lavaux_2021-09-30_must_Plot20_Row14/Vine10_ID216	20	14	10	46.493247	6.720907
364527_104-LP3-16S-0104	Lavaux_2021-09-30_must_Plot20_Row15/Vine5_ID217	20	15	5	46.493265	6.720932
364527_102-LP3-16S-0102	Lavaux_2021-09-30_must_Plot20_Row16/Vine10_ID218	20	16	10	46.493253	6.720882
364528_324-LP3-16S-0900	Lavaux_2021-09-30_must_Plot20_Row16/Vine20_ID219	20	16	20	46.493239	6.720833
364527_273-LP3-16S-0273	Lavaux_2021-09-30_must_Plot5_Row6/Vine30_ID37	5	6	30	46.495709	6.708961
